feature,gain_importance
C10orf111,31.311378479003906
SLC13A4,31.07190704345703
ANP32E,19.992862701416016
MRGPRX1,19.83750343322754
RP9P,17.436019897460938
CHRNA2,16.233444213867188
MDN1,15.934762954711914
EMX2,15.455584526062012
SBF2,15.0796537399292
CCT3,14.755781173706055
FAM24B,14.591690063476562
EHHADH,14.293882369995117
MEX3D,14.258491516113281
DMD,14.145111083984375
NTRK1,14.067826271057129
NKIRAS2,13.546497344970703
ZFC3H1,13.382753372192383
PKDREJ,12.974145889282227
CD81,12.809114456176758
CA5BP,12.714360237121582
NSDHL,12.705497741699219
ERBB2,12.380834579467773
ASNS,12.143003463745117
TRIOBP,11.777509689331055
PLEKHA6,11.022074699401855
C10orf41,10.777094841003418
RPL10,10.76734447479248
SPSB4,10.601842880249023
ROBO2,9.633749961853027
ACAA1,9.586276054382324
LYSMD2,9.327739715576172
MBNL1,8.950091361999512
GPATCH1,8.858107566833496
AOX1,8.815396308898926
C13orf18,8.700937271118164
BCL6,8.373730659484863
CENPT,8.336158752441406
NCOA2,8.202136993408203
AIFM1,7.985353469848633
C1orf182,7.901640892028809
ZNF528,7.869932174682617
IRF2,7.684584617614746
TAGLN2,7.50700569152832
MYADML2,7.193322658538818
C5orf37,7.028703689575195
CPNE4,6.895174503326416
HTR2C,6.311941146850586
ACRC,6.248812675476074
PCDHA4,6.108280181884766
SHC1,6.031100273132324
PDIA5,6.022604942321777
SND1,5.950960159301758
ABCA5,5.909001350402832
PTN,5.79834508895874
C10orf4,5.7797040939331055
ABCG1,5.736723899841309
MARCH8,5.704660415649414
C10orf96,5.688246726989746
CKLF,5.589869499206543
MTERF,5.5099687576293945
BMP8B,5.508081436157227
OBFC2B,5.299698829650879
GNL1,5.278299331665039
VSX2,5.269091606140137
KLHL30,4.917724609375
C1orf210,4.914181709289551
PKN1,4.687009811401367
RBM44,4.6763596534729
SNORD115-15,4.584130764007568
CAST,4.5307512283325195
KHNYN,4.435450553894043
ASCL1,4.394056797027588
MXD1,4.358642578125
PHF1,4.355429172515869
ZNF350,4.317959308624268
CC2D1B,4.193144798278809
EHMT2,4.170858383178711
AGBL4,4.025320529937744
C1orf103,4.020391941070557
TBCD,3.9081292152404785
C9orf3,3.9079132080078125
IP6K2,3.874013900756836
ARL1,3.8075695037841797
TMEM185A,3.738651990890503
NECAB3,3.7070670127868652
MYO9A,3.6999294757843018
HIST3H2BB,3.694427490234375
CASZ1,3.5926754474639893
PRDM8,3.5889275074005127
INSC,3.586704969406128
C9orf139,3.537618637084961
CBFA2T3,3.5070269107818604
MIR1286,3.498723268508911
ABCG2,3.44242525100708
SLC22A18,3.406895160675049
KDM4C,3.2876687049865723
TMEM86B,3.284642219543457
PREPL,3.1626346111297607
SERPINA1,3.073486328125
ZMAT1,3.07314133644104
ADC,3.044595718383789
PPP1R10,3.010521411895752
DLK1,2.8629019260406494
BEGAIN,2.7461624145507812
BMS1P4,2.706724166870117
STON1-GTF2A1L,2.6745359897613525
CA7,2.6623620986938477
RMND1,2.650951385498047
MCAM,2.6469674110412598
DDX6,2.641645908355713
FBXL19,2.625985622406006
C2orf77,2.5655202865600586
KIAA1217,2.538381576538086
LCLAT1,2.427295207977295
SKA2,2.4126999378204346
UBTF,2.396364212036133
KIAA0090,2.379849910736084
C10orf110,2.318791389465332
MPPED1,2.2943973541259766
CASR,2.2802200317382812
INTS6,2.2020692825317383
ZNF735,2.1641712188720703
RBPJ,2.1113362312316895
NHS,2.091759443283081
GUCY2E,2.0885250568389893
LUC7L2,2.024257183074951
ZIC1,2.019656181335449
PTPN21,1.9621496200561523
ORMDL3,1.9260797500610352
AGL,1.8822894096374512
CDK11B,1.8742103576660156
RNF39,1.8555928468704224
MAPRE2,1.854308843612671
PICK1,1.8059298992156982
ABCB1,1.8002288341522217
TMEM51,1.7954251766204834
IL17RA,1.7277718782424927
DPY19L2,1.7170977592468262
TCP11,1.7052459716796875
PCOTH,1.68245267868042
GRIN2B,1.6362206935882568
IKBKG,1.63478422164917
SFTPC,1.6325541734695435
MFSD11,1.5988051891326904
TSPAN4,1.5896832942962646
MYO9B,1.574410319328308
JMJD4,1.5688955783843994
EPHB6,1.5478490591049194
RALB,1.535286784172058
ANKRD34A,1.479618787765503
SCO1,1.478824257850647
LIMS2,1.472933053970337
CEP76,1.472114086151123
BCYRN1,1.4687718152999878
SEMA6D,1.4509382247924805
KCNJ5,1.4452404975891113
NNAT,1.4366557598114014
FLJ35220,1.4363160133361816
FEN1,1.4224460124969482
USP29,1.4083828926086426
SH3BP2,1.3974356651306152
VAMP4,1.393876552581787
PIGV,1.3934156894683838
CWF19L2,1.371629238128662
PAFAH2,1.3657788038253784
RAB7A,1.3250484466552734
TAX1BP1,1.3233314752578735
KIAA1199,1.320354700088501
TNFSF11,1.306528091430664
ABCD1,1.3063526153564453
NPM1,1.2764527797698975
PRIC285,1.2432305812835693
TRIM41,1.2233341932296753
IFITM5,1.2177454233169556
CITED2,1.2066242694854736
DDX24,1.1993334293365479
UBE2M,1.1749882698059082
GNG7,1.1178456544876099
GSTZ1,1.0994013547897339
MRPL2,1.098442792892456
ANGPT2,1.097084403038025
C1orf183,1.0901882648468018
NCRNA00171,1.0789308547973633
CCND3,1.0681171417236328
SCAMP3,1.0517020225524902
ME2,1.0409038066864014
C21orf29,1.0243895053863525
ZNF605,1.0054316520690918
ZNF397,0.9653136730194092
C3orf75,0.9494743347167969
DNAH7,0.9255706071853638
ALS2,0.9063708186149597
GUCY1A2,0.9048304557800293
PLCB2,0.9031292796134949
FAM120C,0.8887577056884766
ZBTB38,0.8840649127960205
HAUS8,0.8732485771179199
ARFIP2,0.8593506813049316
HLA-G,0.8499900102615356
GFPT1,0.833561897277832
BDKRB2,0.8173968195915222
SOCS2,0.8113024234771729
SLC5A8,0.7967419624328613
SMTN,0.7882981300354004
PRKD2,0.7865644097328186
PKIB,0.769182562828064
MTO1,0.7612690925598145
TNRC6A,0.7556980848312378
PCDHGA4,0.7541703581809998
ACOT4,0.7503011226654053
LOC100128977,0.7471740245819092
TOR1AIP2,0.7429699897766113
FRMD6,0.7359923124313354
RFXANK,0.7313089370727539
ZNF514,0.7305107116699219
AGAP2,0.7304367423057556
SSH2,0.7283949851989746
AURKC,0.7228024005889893
C7orf42,0.7167785167694092
RPP38,0.7113425731658936
SLC24A6,0.7058427333831787
PI4KA,0.6946815252304077
C6orf217,0.6853270530700684
STK32A,0.6766007542610168
WNT2,0.6671950817108154
SLC39A1,0.6560898423194885
EXOC2,0.6553414463996887
MAP7,0.6238595843315125
EBAG9,0.6072380542755127
TRPC3,0.6049702167510986
BEND5,0.6039235591888428
RPS26,0.5991039276123047
FBXO43,0.5980873107910156
MCPH1,0.5908571481704712
TTLL6,0.5785857439041138
IPO7,0.5702786445617676
DLX1,0.5665621757507324
ST18,0.5663537979125977
HIGD2A,0.564154326915741
RNF114,0.5593544244766235
MBP,0.5570987462997437
UGT8,0.5225309133529663
PEG3,0.5215291976928711
METTL9,0.5115748047828674
ZNF672,0.4972626268863678
DCAF4,0.4942981004714966
TRUB1,0.48934853076934814
CCDC112,0.4788045883178711
RBM10,0.47423800826072693
SNAP47,0.4705359637737274
VANGL2,0.4693872928619385
SFMBT1,0.461047887802124
ETAA1,0.4557298719882965
C1orf127,0.44180506467819214
ARL6,0.4365255832672119
ACVR1,0.42487475275993347
STC2,0.42219609022140503
GREB1,0.4175468683242798
ZNRD1,0.4144711494445801
ZNF32,0.41342487931251526
VSTM2A,0.40554341673851013
EFEMP1,0.40498894453048706
NT5C2,0.3847980499267578
RPS14,0.38006138801574707
PLAGL1,0.36675143241882324
OGFOD2,0.36033105850219727
KLC2,0.3465580344200134
BRAF,0.3390079140663147
CTPS2,0.33450430631637573
VRK1,0.33019089698791504
PCIF1,0.32416832447052
CAGE1,0.31906789541244507
LOC100129726,0.318123459815979
CLEC4C,0.31203171610832214
YME1L1,0.31013739109039307
ZNF879,0.3039076626300812
FLJ33630,0.2910158932209015
FN3KRP,0.2875044345855713
APBB2,0.284147709608078
USP2,0.2834281027317047
PRPF38A,0.27945566177368164
RPS18,0.27293089032173157
NEDD4L,0.2712683081626892
COASY,0.26503098011016846
PCLO,0.2630970776081085
VPS52,0.2627307176589966
CCDC149,0.256378710269928
NUP43,0.2562689781188965
ZNF317,0.25579941272735596
NFIC,0.2555025815963745
ERLEC1,0.24761486053466797
FAM49A,0.2418021857738495
G6PD,0.241280198097229
BDNF,0.2405751347541809
SLC12A4,0.23941531777381897
ORC1L,0.23434436321258545
TTBK2,0.23040184378623962
OLIG1,0.22611546516418457
TAP2,0.221039816737175
MYO1E,0.2088894546031952
YIPF1,0.20800592005252838
FBXO5,0.2008345127105713
NPAS2,0.1992713212966919
MIR1224,0.19618892669677734
DHX29,0.19141027331352234
TMEM44,0.1897277534008026
RAB30,0.17894268035888672
FAM192A,0.17435477674007416
ADAM29,0.17368072271347046
KCTD8,0.17195367813110352
CLDN14,0.17009767889976501
GNRHR2,0.1688162386417389
PKNOX2,0.16742181777954102
SIN3A,0.1650707721710205
CHRNA6,0.14718928933143616
SHBG,0.14075449109077454
AACS,0.13792037963867188
LIME1,0.12930238246917725
NMB,0.12826338410377502
TTC8,0.10869818925857544
RPL29P2,0.0907738208770752
CKAP5,0.07438290119171143
FAM109A,0.055428147315979004
OSBPL9,0.05436384677886963
SF4,0.047876060009002686
AHDC1,0.04336047172546387
ST3GAL1,0.04143601655960083
MAN2B1,0.029593467712402344
COL9A3,0.02735888957977295
PCDHB2,0.01947152614593506
ZNF688,0.011083364486694336
HGC6.3,0.005722522735595703
POU2F2,0.0
PRDM2,0.0
PRCD,0.0
PON3,0.0
POLR2L,0.0
POLR2B,0.0
PLEKHG5,0.0
POMGNT1,0.0
PLEKHH2,0.0
POLK,0.0
PRAME,0.0
PPM1G,0.0
PLEKHJ1,0.0
POU3F1,0.0
PNPLA1,0.0
PNKD,0.0
PMS2L1,0.0
PPM1K,0.0
PMP22,0.0
PMEPA1,0.0
PLXDC2,0.0
PPID,0.0
PNPLA2,0.0
PPP1R3D,0.0
PPP1R8,0.0
PPP2CB,0.0
PNPLA6,0.0
PPP2R2B,0.0
PPAP2C,0.0
PPP2R2D,0.0
PLEKHO2,0.0
PPT2,0.0
PPM1H,0.0
POLDIP2,0.0
POU5F1B,0.0
POLG,0.0
POLH,0.0
POU2F1,0.0
A1CF,0.0
PRDX6,0.0
RAI1,0.0
RASGRF1,0.0
RASGEF1B,0.0
RASGEF1A,0.0
RASAL2,0.0
RARG,0.0
RAPGEF5,0.0
RAP2B,0.0
RAP1A,0.0
RANGRF,0.0
RANGAP1,0.0
RAI14,0.0
RADIL,0.0
PRH1,0.0
RAD9B,0.0
RAD51C,0.0
RAD51AP1,0.0
RAD51,0.0
RAD21,0.0
RACGAP1,0.0
RABGEF1,0.0
RABEP2,0.0
RAB5A,0.0
RAB4A,0.0
RAB43,0.0
RASSF1,0.0
RASSF2,0.0
RASSF5,0.0
RB1,0.0
RNF121,0.0
RNF111,0.0
RNASE4,0.0
RLBP1,0.0
RIOK1,0.0
RHOBTB1,0.0
RHOA,0.0
RHEB,0.0
RGS3,0.0
RGMA,0.0
RGAG1,0.0
RFX8,0.0
RFX7,0.0
RFX2,0.0
RFPL2,0.0
RECQL5,0.0
RDBP,0.0
RCCD1,0.0
RCC2,0.0
RCC1,0.0
RBP5,0.0
RBM15,0.0
RBM12B,0.0
RAB3IP,0.0
RAB1B,0.0
RAB11FIP3,0.0
PSMB3,0.0
PSMB10,0.0
PSMA1,0.0
PSCA,0.0
PRSS8,0.0
PRSS35,0.0
PRRT1,0.0
PRR5L,0.0
PRR5-ARHGAP8,0.0
PRR5,0.0
PRR4,0.0
PRR3,0.0
PRR23A,0.0
PRR15,0.0
PRR11,0.0
PRPF31,0.0
PROM1,0.0
PRMT7,0.0
PRLR,0.0
PRKCZ,0.0
PRKCE,0.0
PRKCA,0.0
PRKAR2A,0.0
PRKAG2,0.0
PSMB11,0.0
PSMB9,0.0
PYY,0.0
PSMC5,0.0
PYGO1,0.0
PXN,0.0
PXMP3,0.0
PVT1,0.0
PVRL4,0.0
PURG,0.0
PTRH2,0.0
PTPRS,0.0
PTPRR,0.0
PTPRO,0.0
PTPRG,0.0
PLEKHF2,0.0
PTK2B,0.0
PTGER4,0.0
PTEN,0.0
PTCH1,0.0
PTCD1,0.0
PSRC1,0.0
PSORS1C1,0.0
PSMG2,0.0
PSME2,0.0
PSMD10,0.0
PSMD1,0.0
PTPRE,0.0
PCDHGA8,0.0
PLEKHB2,0.0
NPPC,0.0
NPAT,0.0
NOX3,0.0
NOTCH4,0.0
NOP58,0.0
NOP56,0.0
NOP16,0.0
NOL7,0.0
NMNAT2,0.0
NMNAT1,0.0
NMBR,0.0
NLRC5,0.0
NLRC4,0.0
NLE1,0.0
NKX6-2,0.0
NKRF,0.0
NKAIN3,0.0
NIPA1,0.0
NHP2,0.0
NHLRC3,0.0
NFYA,0.0
NFU1,0.0
NFKBIZ,0.0
NFKBIL1,0.0
NFKB2,0.0
NFIB,0.0
NFIA,0.0
NFATC1,0.0
NPC2,0.0
NPR3,0.0
NEUROG1,0.0
NPY2R,0.0
OGT,0.0
OGDHL,0.0
ODZ4,0.0
OCRL,0.0
OCIAD1,0.0
OCA2,0.0
OAZ3,0.0
NUP98,0.0
NUP88,0.0
NUP50,0.0
NUFIP1,0.0
NUDT6,0.0
NUDT5,0.0
NUDT10,0.0
NTM,0.0
NTF3,0.0
NT5DC2,0.0
NT5DC1,0.0
NT5C3,0.0
NSD1,0.0
NSA2,0.0
NRXN2,0.0
NRBF2,0.0
NR4A3,0.0
NR3C1,0.0
NR2F2,0.0
NR1D1,0.0
NFASC,0.0
NEURL,0.0
OPRL1,0.0
MYOCD,0.0
MYLK2,0.0
MYL7,0.0
MYL6B,0.0
MYH7,0.0
MYH6,0.0
MYEOV2,0.0
MYD88,0.0
MYC,0.0
MYADM,0.0
MX1,0.0
MUTYH,0.0
MUM1,0.0
MUL1,0.0
MTUS1,0.0
MTOR,0.0
MTIF3,0.0
MTHFR,0.0
MTHFD1,0.0
MTERFD3,0.0
MTCP1NB,0.0
MTCP1,0.0
MT1A,0.0
MSX1,0.0
MST1,0.0
MSI2,0.0
MSH6,0.0
MSH5,0.0
MYO19,0.0
MYOD1,0.0
NEU4,0.0
MYOM2,0.0
NEU1,0.0
NEK7,0.0
NEFM,0.0
NEDD9,0.0
NEDD8,0.0
NDUFS4,0.0
NDUFB2,0.0
NDUFB11,0.0
NDUFAF3,0.0
NDUFAB1,0.0
NDUFA4L2,0.0
NDUFA3,0.0
NDRG4,0.0
NDRG2,0.0
NCOR2,0.0
NCOA4,0.0
NCK1,0.0
NCAPD2,0.0
NCALD,0.0
NBR2,0.0
NBAS,0.0
NAT15,0.0
NAP1L4,0.0
NANOS2,0.0
NACA,0.0
MYT1L,0.0
MYT1,0.0
ONECUT2,0.0
OPTN,0.0
PLEKHA5,0.0
PDP1,0.0
PDGFD,0.0
PDGFC,0.0
PDE9A,0.0
PDE6B,0.0
PDE5A,0.0
PDE4D,0.0
PDE4B,0.0
PDE2A,0.0
PDE11A,0.0
PDE10A,0.0
PDCD7,0.0
PDCD11,0.0
PCYT1A,0.0
PCNA,0.0
PCGF3,0.0
PCDHGC3,0.0
PCDHGB7,0.0
PCDHGB6,0.0
PCDHGB5,0.0
PCDHGB4,0.0
PCDHGB3,0.0
PCDHGB2,0.0
PCDHGB1,0.0
PCDHGA9,0.0
RNF139,0.0
PCDHGA7,0.0
PCDHGA6,0.0
PDIK1L,0.0
PDS5B,0.0
PCDHGA3,0.0
PEG10,0.0
PLEC1,0.0
PLAC8,0.0
PKHD1L1,0.0
PIWIL2,0.0
PITX2,0.0
PITPNC1,0.0
PIP5K1B,0.0
PINX1,0.0
PILRB,0.0
PIK3CD,0.0
PIH1D2,0.0
PIGW,0.0
PIBF1,0.0
PHTF2,0.0
PHOSPHO2,0.0
PHLDB2,0.0
PHLDB1,0.0
PHLDA2,0.0
PGM3,0.0
PGAP2,0.0
PFKM,0.0
PFKFB3,0.0
PFDN6,0.0
PEX5,0.0
PEX11B,0.0
PEX11A,0.0
PEMT,0.0
PCDHGA5,0.0
PCDHGA2,0.0
OR10Q1,0.0
PARD6A,0.0
PAPOLB,0.0
PAOX,0.0
PANK1,0.0
PALB2,0.0
PAK6,0.0
PAK4,0.0
PAK3,0.0
PAK1IP1,0.0
PAF1,0.0
PACSIN1,0.0
P4HTM,0.0
P4HA1,0.0
P2RY2,0.0
OXGR1,0.0
OTX1,0.0
OTUD5,0.0
OTUB1,0.0
OSGIN2,0.0
OSBPL8,0.0
OSBPL5,0.0
OSBPL3,0.0
OSBPL1A,0.0
ORC6L,0.0
OR8U8,0.0
OR8S1,0.0
OR5M10,0.0
OR2L13,0.0
PAQR8,0.0
PARP9,0.0
PCDHGA12,0.0
PASK,0.0
PCDHGA11,0.0
PCDHGA10,0.0
PCDHGA1,0.0
PCDHB16,0.0
PCDHAC1,0.0
PCDHA9,0.0
PCDHA8,0.0
PCDHA7,0.0
PCDHA6,0.0
PCDHA5,0.0
PCDHA3,0.0
PCDHA2,0.0
PCDHA13,0.0
PCDHA12,0.0
PCDHA11,0.0
PCDHA10,0.0
PCDHA1,0.0
PCDH8,0.0
PCDH11X,0.0
PC,0.0
PBX2,0.0
PBLD,0.0
PBK,0.0
PAX9,0.0
PAX8,0.0
PAX3,0.0
PAX2,0.0
RNF123,0.0
SENP1,0.0
RNF150,0.0
TXNDC9,0.0
TXNDC16,0.0
TXNDC12,0.0
TXN2,0.0
TXLNA,0.0
TUBGCP2,0.0
TUBB8,0.0
TUBA8,0.0
TUBA1C,0.0
TTYH2,0.0
TTLL10,0.0
TTC39C,0.0
TSSK6,0.0
TSSC4,0.0
TSSC1,0.0
TSR1,0.0
TSPAN9,0.0
TSPAN32,0.0
TSPAN15,0.0
TSNAX-DISC1,0.0
TSNARE1,0.0
TSGA10,0.0
TSC22D3,0.0
TSC1,0.0
TRPV1,0.0
TRPS1,0.0
TRMT6,0.0
TRIM6-TRIM34,0.0
TRIM52,0.0
TRIM50,0.0
TXNDC17,0.0
TXNRD1,0.0
USP6NL,0.0
TYMP,0.0
USP5,0.0
USP47,0.0
USP39,0.0
USP36,0.0
USP3,0.0
USP21,0.0
USP19,0.0
USP16,0.0
USMG5,0.0
UROS,0.0
URGCP,0.0
UQCC,0.0
UPF3B,0.0
UNKL,0.0
UNC45A,0.0
ULK4,0.0
UFD1L,0.0
UCN3,0.0
UCHL3,0.0
UBXN11,0.0
UBOX5,0.0
UBL4B,0.0
UBFD1,0.0
UBE2L3,0.0
UBE2J2,0.0
UBE2I,0.0
UBE2E1,0.0
UBE2D4,0.0
UBE2D3,0.0
TRIM35,0.0
TRIM34,0.0
TRIM3,0.0
TRIM26,0.0
TMEM90B,0.0
TMEM87B,0.0
TMEM63A,0.0
TMEM60,0.0
TMEM49,0.0
TMEM42,0.0
TMEM30B,0.0
TMEM229B,0.0
TMEM229A,0.0
TMEM217,0.0
TMEM209,0.0
TMEM208,0.0
TMEM200B,0.0
TMEM199,0.0
TMEM155,0.0
TMEM133,0.0
TMEM129,0.0
TMEM106A,0.0
TMCC1,0.0
TMC8,0.0
TMC6,0.0
TMBIM1,0.0
TLE2,0.0
TIRAP,0.0
TINF2,0.0
TIMM9,0.0
TIMM8B,0.0
THYN1,0.0
THRA,0.0
TMEM91,0.0
TMSB10,0.0
TNFRSF10C,0.0
TPM4,0.0
TRIM23,0.0
TRIM2,0.0
TRIM15,0.0
TRIM11,0.0
TRIL,0.0
TRERF1,0.0
TRAPPC5,0.0
TRAPPC1,0.0
TRAK2,0.0
TRADD,0.0
TRABD,0.0
TPX2,0.0
TPMT,0.0
TP73,0.0
TNFRSF19,0.0
TP53RK,0.0
TP53BP1,0.0
TP53,0.0
TOX2,0.0
TOMM70A,0.0
TOMM20,0.0
TOE1,0.0
TNXB,0.0
TNS3,0.0
TNRC6C,0.0
TNPO2,0.0
TNIP1,0.0
TNFRSF9,0.0
USP50,0.0
VARS2,0.0
THBS4,0.0
ZNF389,0.0
ZNF331,0.0
ZNF323,0.0
ZNF311,0.0
ZNF286B,0.0
ZNF277,0.0
ZNF274,0.0
ZNF264,0.0
ZNF256,0.0
ZNF252,0.0
ZNF236,0.0
ZNF225,0.0
ZNF22,0.0
ZNF217,0.0
ZNF213,0.0
ZNF192,0.0
ZNF19,0.0
ZNF189,0.0
ZNF148,0.0
ZNF146,0.0
ZNF142,0.0
ZNF141,0.0
ZNF121,0.0
ZNF12,0.0
ZMYND11,0.0
ZMYND10,0.0
ZMIZ2,0.0
ZMIZ1,0.0
ZIM2,0.0
ZIC4,0.0
ZNF384,0.0
ZNF391,0.0
VASH1,0.0
ZNF395,0.0
ZXDC,0.0
ZSWIM3,0.0
ZNF830,0.0
ZNF774,0.0
ZNF75D,0.0
ZNF750,0.0
ZNF71,0.0
ZNF709,0.0
ZNF703,0.0
ZNF7,0.0
ZNF697,0.0
ZNF668,0.0
ZNF646,0.0
ZNF644,0.0
ZNF639,0.0
ZNF607,0.0
ZNF585A,0.0
ZNF570,0.0
ZNF57,0.0
ZNF566,0.0
ZNF543,0.0
ZNF532,0.0
ZNF529,0.0
ZNF511,0.0
ZNF507,0.0
ZNF454,0.0
ZNF444,0.0
ZNF438,0.0
ZNF407,0.0
ZGPAT,0.0
ZFYVE19,0.0
ZFYVE1,0.0
ZFP41,0.0
WIZ,0.0
WIT1,0.0
WIPF1,0.0
WIBG,0.0
WEE1,0.0
WDSUB1,0.0
WDR93,0.0
WDR90,0.0
WDR81,0.0
WDR8,0.0
WDR77,0.0
WDR75,0.0
WDR65,0.0
WDR46,0.0
WDR45,0.0
WDR37,0.0
WDR36,0.0
WDFY4,0.0
WBP1,0.0
VWA5B2,0.0
VTI1A,0.0
VSX1,0.0
VPS37C,0.0
VPS35,0.0
VPS29,0.0
VPS13B,0.0
VGLL4,0.0
VEPH1,0.0
VENTX,0.0
WRAP53,0.0
WRN,0.0
WT1,0.0
ZC3H10,0.0
ZFP36L2,0.0
ZFHX4,0.0
ZFHX3,0.0
ZFAND6,0.0
ZEB1,0.0
ZDHHC9,0.0
ZDHHC6,0.0
ZDHHC5,0.0
ZDHHC22,0.0
ZCCHC12,0.0
ZC3HAV1L,0.0
ZC3H13,0.0
ZC3H12A,0.0
ZBTB9,0.0
WWP1,0.0
ZBTB8B,0.0
ZBTB32,0.0
ZBTB22,0.0
ZBTB20,0.0
ZBTB12,0.0
ZBED5,0.0
ZAK,0.0
YTHDF3,0.0
YPEL3,0.0
XRRA1,0.0
XRCC3,0.0
XPO5,0.0
WWTR1,0.0
THOC4,0.0
THAP2,0.0
RNF215,0.0
SHOC2,0.0
SHANK2,0.0
SH3BP4,0.0
SH2B1,0.0
SGTA,0.0
SGMS1,0.0
SGCE,0.0
SFRS9,0.0
SFRS2,0.0
SFRS11,0.0
SFRP2,0.0
SFRP1,0.0
SFN,0.0
SETD4,0.0
SERTAD3,0.0
SERPING1,0.0
SERPINE2,0.0
SERPINC1,0.0
SEPT9,0.0
SEPT2,0.0
SEPHS2,0.0
SEPHS1,0.0
SENP8,0.0
MRPS9,0.0
SEMA6C,0.0
SEMA5A,0.0
SELV,0.0
SELO,0.0
SEC62,0.0
SEC13,0.0
SHC4,0.0
SIM1,0.0
SLC43A1,0.0
SIPA1L3,0.0
SLC39A9,0.0
SLC39A7,0.0
SLC39A14,0.0
SLC39A10,0.0
SLC35C1,0.0
SLC35B3,0.0
SLC35A3,0.0
SLC2A4,0.0
SLC29A1,0.0
SLC27A3,0.0
SLC26A5,0.0
SLC25A5,0.0
SLC25A44,0.0
SLC25A35,0.0
SLC25A3,0.0
SLC22A23,0.0
SLC22A2,0.0
SLC22A18AS,0.0
SLC20A2,0.0
SLC16A3,0.0
SLC12A9,0.0
SLC12A6,0.0
SLC12A2,0.0
SLC11A1,0.0
SLC10A7,0.0
SLAIN1,0.0
SLA2,0.0
SKIV2L2,0.0
SKIV2L,0.0
SEC1,0.0
SDR42E1,0.0
SDHD,0.0
SDHC,0.0
RSU1,0.0
RSBN1,0.0
RRS1,0.0
RREB1,0.0
RPSA,0.0
RPS6KA5,0.0
RPS27A,0.0
RPS19,0.0
RPS15A,0.0
RPS12,0.0
RPP30,0.0
RPN2,0.0
RPL13AP5,0.0
RPL13A,0.0
RPGRIP1L,0.0
RPF2,0.0
RPAIN,0.0
ROBO1,0.0
RNPS1,0.0
RNPEP,0.0
RNPC3,0.0
RNMTL1,0.0
RNFT2,0.0
RNF5P1,0.0
RNF4,0.0
RNF34,0.0
RNF31,0.0
RNF25,0.0
RNF220,0.0
RTBDN,0.0
RTL1,0.0
RTN2,0.0
SCAND3,0.0
SDF4,0.0
SDF2,0.0
SCRN2,0.0
SCRN1,0.0
SCRIB,0.0
SCOC,0.0
SCO2,0.0
SCNN1G,0.0
SCN3B,0.0
SCML1,0.0
SCMH1,0.0
SCIN,0.0
SCCPDH,0.0
SCAMP4,0.0
RTN4,0.0
SC4MOL,0.0
SBK1,0.0
SAMD5,0.0
SAMD14,0.0
SALL1,0.0
SACS,0.0
RXRB,0.0
RWDD2A,0.0
RWDD1,0.0
RUNX3,0.0
RUNX2,0.0
RUNDC1,0.0
RTN4R,0.0
SLC3A2,0.0
SLC44A4,0.0
THAP11,0.0
TAL1,0.0
TAF1D,0.0
TAF10,0.0
TACC3,0.0
TACC1,0.0
SYVN1,0.0
SYTL1,0.0
SYT6,0.0
SYT2,0.0
SYT1,0.0
SYNE1,0.0
SYN1,0.0
SVIL,0.0
SUPV3L1,0.0
SUPT6H,0.0
SUPT16H,0.0
SUFU,0.0
STRN3,0.0
STRADB,0.0
STRA6,0.0
STOX2,0.0
STMN1,0.0
STK36,0.0
STK32C,0.0
STK31,0.0
STK19,0.0
STAT4,0.0
STAT1,0.0
STARD7,0.0
STARD13,0.0
TAGAP,0.0
TANC1,0.0
SLC45A3,0.0
TAOK1,0.0
THAP10,0.0
THADA,0.0
TGFBR2,0.0
TFPT,0.0
TFIP11,0.0
TFAP2A,0.0
TEX14,0.0
TEX11,0.0
TET1,0.0
TENC1,0.0
TEKT2,0.0
TEF,0.0
TEC,0.0
TEAD1,0.0
TCTA,0.0
TCP11L1,0.0
TCP1,0.0
TCIRG1,0.0
TCF7,0.0
TCF19,0.0
TCERG1,0.0
TCEA2,0.0
TBX15,0.0
TBRG4,0.0
TBC1D28,0.0
TBC1D16,0.0
TAPBP,0.0
TAP1,0.0
TAOK3,0.0
ST6GAL2,0.0
ST5,0.0
ST3GAL4,0.0
SSTR2,0.0
SNORD84,0.0
SNORD50A,0.0
SNORD2,0.0
SNORD125,0.0
SNORD115-21,0.0
SNORA61,0.0
SNHG5,0.0
SNHG3-RCC1,0.0
SNHG12,0.0
SNCAIP,0.0
SNAPC4,0.0
SMPD4,0.0
SMARCD3,0.0
SMARCD2,0.0
SMARCD1,0.0
SMARCAL1,0.0
SLU7,0.0
SLITRK4,0.0
SLITRK3,0.0
SLITRK1,0.0
SLFN11,0.0
SLCO4C1,0.0
SLCO2A1,0.0
SLC9A8,0.0
SLC7A6OS,0.0
SLC6A2,0.0
SLC6A16,0.0
SLC5A4,0.0
SLC4A2,0.0
SNRK,0.0
SNRPA,0.0
SNTG1,0.0
SPATS2,0.0
SSR3,0.0
SSH1,0.0
SS18L1,0.0
SRP19,0.0
SRGAP3,0.0
SREBF1,0.0
SPTBN4,0.0
SPTBN1,0.0
SPSB1,0.0
SPRY1,0.0
SPON2,0.0
SPINT1,0.0
SPATS2L,0.0
SPATA5,0.0
SNX5,0.0
SPATA4,0.0
SPATA13,0.0
SPATA1,0.0
SP6,0.0
SP5,0.0
SOX5,0.0
SOX4,0.0
SOX2OT,0.0
SOX2,0.0
SORBS2,0.0
SOLH,0.0
SOD3,0.0
SOCS3,0.0
MRTO4,0.0
MAPT,0.0
MRPS18B,0.0
CHAD,0.0
CLDN3,0.0
CLCN6,0.0
CLCN5,0.0
CLASP1,0.0
CISH,0.0
CIRBP,0.0
CHST8,0.0
CHST1,0.0
CHRM5,0.0
CHRM2,0.0
CHPF2,0.0
CHMP2A,0.0
CHKB-CPT1B,0.0
CHFR,0.0
CFLAR,0.0
CLDN9,0.0
CFL1,0.0
CETN2,0.0
CEP68,0.0
CEP350,0.0
CENPV,0.0
CELSR3,0.0
CEBPZ,0.0
CDS2,0.0
CDKN2C,0.0
CDKN1C,0.0
CDK7,0.0
CDK6,0.0
CDK5RAP3,0.0
CDK5,0.0
CLDN6,0.0
CLIP1,0.0
C6orf52,0.0
COLEC11,0.0
CRLS1,0.0
CRISP2,0.0
CREB5,0.0
CR1L,0.0
CR1,0.0
CPT1B,0.0
CPSF4,0.0
CPLX2,0.0
CPEB1,0.0
CPE,0.0
COX18,0.0
COPG,0.0
COPB1,0.0
COMTD1,0.0
COL4A3BP,0.0
CLSTN3,0.0
COL23A1,0.0
COL12A1,0.0
COL11A2,0.0
COG5,0.0
CNTROB,0.0
CNTNAP2,0.0
CNTN4,0.0
CNPY1,0.0
CNOT2,0.0
CNIH4,0.0
CMC1,0.0
CMBL,0.0
CMAH,0.0
CLVS1,0.0
CDK4,0.0
CDK1,0.0
CDIPT,0.0
CALN1,0.0
CBLN3,0.0
CBLN2,0.0
CBLC,0.0
CAV1,0.0
CATSPERG,0.0
CASC3,0.0
CARS,0.0
CARHSP1,0.0
CARD14,0.0
CARD11,0.0
CAND2,0.0
CAMTA1,0.0
CAMKK2,0.0
CAMK2D,0.0
CALM1,0.0
CDH6,0.0
CALHM2,0.0
CALCA,0.0
CACNB2,0.0
CACNA2D3,0.0
CACNA1G,0.0
CABLES1,0.0
CA11,0.0
C9orf103,0.0
C8orf77,0.0
C8orf41,0.0
C8orf39,0.0
C7orf58,0.0
C7orf50,0.0
C7orf44,0.0
CBX5,0.0
CCDC104,0.0
CCDC106,0.0
CCDC123,0.0
CDH23,0.0
CDH18,0.0
CDGAP,0.0
CDCA3,0.0
CDC45L,0.0
CDC42EP4,0.0
CDC2,0.0
CDC123,0.0
CDC10L,0.0
CD8A,0.0
CD82,0.0
CD44,0.0
CD248,0.0
CD164L2,0.0
CCT6B,0.0
CCNYL1,0.0
CCNY,0.0
CCND2,0.0
CCNA2,0.0
CCNA1,0.0
CCM2,0.0
CCHCR1,0.0
CCDC96,0.0
CCDC90B,0.0
CCDC7,0.0
CCDC23,0.0
CCDC142,0.0
CCDC140,0.0
CCDC136,0.0
CRY2,0.0
CRYGB,0.0
CSGALNACT1,0.0
DSCAM,0.0
DZIP1,0.0
DYNLL1,0.0
DUSP4,0.0
DUSP10,0.0
DUSP1,0.0
DUS4L,0.0
DUS3L,0.0
DULLARD,0.0
DTX3L,0.0
DTNBP1,0.0
DTNA,0.0
DST,0.0
DSE,0.0
DSCC1,0.0
DRD5,0.0
DMRTB1,0.0
DRD2,0.0
DPH5,0.0
DPH2,0.0
DPH1,0.0
DPAGT1,0.0
DOM3Z,0.0
DOCK4,0.0
DNM2,0.0
DNM1L,0.0
DNM1,0.0
DNASE1L2,0.0
DNAL1,0.0
DNAJC5,0.0
DNAJC17,0.0
DZIP1L,0.0
DZIP3,0.0
EARS2,0.0
EBNA1BP2,0.0
EMP1,0.0
EML4,0.0
EMILIN1,0.0
ELOVL7,0.0
ELOVL5,0.0
ELMO2,0.0
ELMO1,0.0
ELL,0.0
ELFN1,0.0
EIF5B,0.0
EIF5A2,0.0
EIF4G3,0.0
EIF4G2,0.0
EIF4E3,0.0
EIF4A2,0.0
EIF1AD,0.0
EID1,0.0
EI24,0.0
EHMT1,0.0
EGLN3,0.0
EFNA4,0.0
EFCAB5,0.0
EEF2,0.0
EED,0.0
EDNRB,0.0
EDNRA,0.0
EDN1,0.0
EDA,0.0
ECE2,0.0
DNAH2,0.0
DLX4,0.0
CSMD3,0.0
CXXC5,0.0
DALRD3,0.0
DAGLA,0.0
DACH1,0.0
DAB1,0.0
CYorf15A,0.0
CYP26C1,0.0
CYP1B1,0.0
CYP1A1,0.0
CYGB,0.0
CYFIP1,0.0
CYB5D2,0.0
CXorf40B,0.0
CXorf38,0.0
CXorf36,0.0
CXXC4,0.0
DLX2,0.0
CXCR5,0.0
CXCR4,0.0
CXCL2,0.0
CUTA,0.0
CUL4A,0.0
CUL1,0.0
CUGBP2,0.0
CTSZ,0.0
CTSB,0.0
CTRC,0.0
CTBP2,0.0
CTBP1,0.0
CSPP1,0.0
CSNK2B,0.0
DAXX,0.0
DBI,0.0
DBN1,0.0
DBR1,0.0
DLL4,0.0
DLL1,0.0
DLGAP4,0.0
DLGAP2,0.0
DLG4,0.0
DLG2,0.0
DKFZp566F0947,0.0
DKC1,0.0
DIS3L2,0.0
DIS3,0.0
DIDO1,0.0
DIAPH2,0.0
DHX30,0.0
DHX16,0.0
DHRS4,0.0
DHRS1,0.0
DHDH,0.0
DHDDS,0.0
DGKZ,0.0
DES,0.0
DERA,0.0
DENND4B,0.0
DDX17,0.0
DDR1,0.0
DDOST,0.0
DDHD2,0.0
DDAH2,0.0
DCTN5,0.0
DBX1,0.0
C7orf30,0.0
C6orf48,0.0
MRPL50,0.0
ARFGAP1,0.0
ARMC4,0.0
ARMC10,0.0
ARMC1,0.0
ARL6IP1,0.0
ARL4C,0.0
ARL4A,0.0
ARL2BP,0.0
ARHGEF3,0.0
ARHGEF18,0.0
ARHGEF12,0.0
ARHGEF10L,0.0
ARHGEF10,0.0
ARHGAP29,0.0
ARHGAP12,0.0
AR,0.0
ARRDC2,0.0
AQP11,0.0
APC,0.0
APBB1IP,0.0
APAF1,0.0
AP4S1,0.0
AP4E1,0.0
AP3D1,0.0
AP1B1,0.0
ANXA11,0.0
ANKS1B,0.0
ANKRD45,0.0
ANKRD32,0.0
ANKRD26,0.0
ANKRD11,0.0
ARMCX2,0.0
ARRDC3,0.0
C6orf211,0.0
ATP5C1,0.0
BANP,0.0
BANF1,0.0
BAI2,0.0
BAD,0.0
B3GNT2,0.0
B3GALT4,0.0
B3GALNT1,0.0
AVEN,0.0
ATXN1,0.0
ATP7B,0.0
ATP6V1G2,0.0
ATP6V0E2,0.0
ATP5G1,0.0
ATP5F1,0.0
ATP2B4,0.0
ARSB,0.0
ATP2B2,0.0
ATP1A4,0.0
ATP13A1,0.0
ATOH8,0.0
ATN1,0.0
ATM,0.0
ATG4A,0.0
ATF6B,0.0
ASPHD1,0.0
ASF1B,0.0
ASB3,0.0
ASAM,0.0
ARX,0.0
ART3,0.0
ANKMY1,0.0
ANK2,0.0
ANG,0.0
ACOT8,0.0
ADORA2A,0.0
ADD2,0.0
ADCY8,0.0
ADCK5,0.0
ADAT3,0.0
ADAMTS17,0.0
ADAM5P,0.0
ADAL,0.0
ADAD1,0.0
ACTA2,0.0
ACSL1,0.0
ACSF3,0.0
ACSF2,0.0
ACOX3,0.0
ACOT7,0.0
ANAPC11,0.0
ACD,0.0
ACADSB,0.0
ACAD8,0.0
ACAD10,0.0
ACACA,0.0
ABR,0.0
ABLIM1,0.0
ABCF2,0.0
ABCC1,0.0
ABCB9,0.0
AATK,0.0
AARSD1,0.0
AANAT,0.0
A2LD1,0.0
ADPRH,0.0
ADPRHL1,0.0
ADRA2A,0.0
ADRA2C,0.0
AMZ2,0.0
AMPD3,0.0
AMPD2,0.0
AMMECR1,0.0
ALX4,0.0
ALPK3,0.0
ALLC,0.0
ALKBH3,0.0
ALG12,0.0
ALG11,0.0
ALDOA,0.0
ALDH3B2,0.0
ALDH3A1,0.0
AKTIP,0.0
AKR1E2,0.0
AKR1A1,0.0
AKD1,0.0
AKAP5,0.0
AIDA,0.0
AHI1,0.0
AGXT,0.0
AGPAT9,0.0
AGPAT4,0.0
AGPAT3,0.0
AGPAT1,0.0
AGAP1,0.0
AFF3,0.0
AFAP1,0.0
AEN,0.0
BAT1,0.0
BAT2,0.0
BAT3,0.0
C1orf187,0.0
C20orf196,0.0
C20orf177,0.0
C20orf151,0.0
C20orf134,0.0
C20orf132,0.0
C20orf117,0.0
C20orf112,0.0
C1orf95,0.0
C1orf86,0.0
C1orf84,0.0
C1orf59,0.0
C1orf58,0.0
C1orf56,0.0
C1orf21,0.0
C1orf159,0.0
C15orf56,0.0
C1orf114,0.0
C1QL1,0.0
C1GALT1C1,0.0
C1GALT1,0.0
C19orf61,0.0
C19orf56,0.0
C19orf54,0.0
C19orf40,0.0
C19orf23,0.0
C18orf25,0.0
C18orf1,0.0
C17orf81,0.0
C17orf80,0.0
C17orf48,0.0
C20orf201,0.0
C20orf30,0.0
C20orf7,0.0
C21orf49,0.0
C6orf182,0.0
C6orf176,0.0
C6orf15,0.0
C6orf136,0.0
C6orf134,0.0
C6orf115,0.0
C5orf44,0.0
C5orf36,0.0
C5orf28,0.0
C5orf24,0.0
C5orf13,0.0
C4orf27,0.0
C4orf14,0.0
C3orf58,0.0
C3orf57,0.0
C3orf52,0.0
C3orf39,0.0
C3orf26,0.0
C2orf88,0.0
C2orf76,0.0
C2orf63,0.0
C2orf56,0.0
C2orf34,0.0
C2orf27A,0.0
C2CD4B,0.0
C22orf9,0.0
C22orf36,0.0
C21orf66,0.0
C21orf59,0.0
C16orf74,0.0
C14orf86,0.0
BAT4,0.0
BHLHE22,0.0
BRD2,0.0
BRCC3,0.0
BRCA1,0.0
BRAP,0.0
BPNT1,0.0
BPGM,0.0
BOLL,0.0
BNIPL,0.0
BNC1,0.0
BLOC1S2,0.0
BLOC1S1,0.0
BLM,0.0
BLCAP,0.0
BIK,0.0
BHLHA9,0.0
C14orf43,0.0
BEND6,0.0
BCS1L,0.0
BCORL1,0.0
BCOR,0.0
BCL7C,0.0
BCL2L11,0.0
BCL2L10,0.0
BCL2,0.0
BCCIP,0.0
BCAT1,0.0
BCAR1,0.0
BCAP31,0.0
BBX,0.0
BBC3,0.0
BRD3,0.0
BRUNOL4,0.0
BSCL2,0.0
BTBD11,0.0
C14orf21,0.0
C14orf167,0.0
C14orf159,0.0
C13orf36,0.0
C13orf23,0.0
C12orf75,0.0
C12orf49,0.0
C12orf4,0.0
C12orf34,0.0
C11orf93,0.0
C11orf92,0.0
C11orf57,0.0
C11orf54,0.0
C11orf45,0.0
C11orf36,0.0
C11orf21,0.0
C11orf20,0.0
C11orf10,0.0
C11orf1,0.0
C10orf58,0.0
C10orf26,0.0
C10orf25,0.0
C10orf2,0.0
C10orf118,0.0
BZW1,0.0
BYSL,0.0
BTG4,0.0
BTBD3,0.0
BTBD17,0.0
EMX2OS,0.0
ENO1,0.0
ENTPD1,0.0
KLRAQ1,0.0
LHFPL2,0.0
LFNG,0.0
LEP,0.0
LEMD3,0.0
LDOC1,0.0
LDHAL6B,0.0
LCP2,0.0
LCMT2,0.0
LATS1,0.0
LAIR2,0.0
L3MBTL4,0.0
L3MBTL,0.0
KSR1,0.0
KRTAP22-1,0.0
KLK10,0.0
LIFR,0.0
KLHL7,0.0
KLHL5,0.0
KLHL29,0.0
KLHL25,0.0
KLHL23,0.0
KLHL14,0.0
KLHL13,0.0
KLF6,0.0
KLF14,0.0
KLF12,0.0
KIN,0.0
KILLIN,0.0
KIFC1,0.0
KIF1B,0.0
LHX9,0.0
LIG4,0.0
EPB41,0.0
LOC100131691,0.0
LOC401052,0.0
LOC399959,0.0
LOC388588,0.0
LOC220930,0.0
LOC200726,0.0
LOC100303728,0.0
LOC100302652,0.0
LOC100302401,0.0
LOC100294362,0.0
LOC100272228,0.0
LOC100192379,0.0
LOC100192378,0.0
LOC100134713,0.0
LOC100133315,0.0
LOC100130987,0.0
LIMA1,0.0
LOC100130933,0.0
LOC100130872-SPON2,0.0
LOC100130872,0.0
LOC100130776,0.0
LOC100129716,0.0
LOC100129387,0.0
LOC100128811,0.0
LOC100128288,0.0
LOC100128164,0.0
LOC100128003,0.0
LNP1,0.0
LMO3,0.0
LMBRD2,0.0
LINGO3,0.0
KIF18A,0.0
KIF12,0.0
KIAA2013,0.0
ITFG3,0.0
KCNAB1,0.0
KCNA7,0.0
KCNA5,0.0
KCNA3,0.0
KAZALD1,0.0
KATNAL1,0.0
KANK2,0.0
JUB,0.0
JMJD1C,0.0
JAKMIP1,0.0
IZUMO1,0.0
ITPRIPL1,0.0
ITPR2,0.0
ITGA8,0.0
ISM1,0.0
KIAA1949,0.0
ISCA2,0.0
IRX5,0.0
IRF5,0.0
IRF1,0.0
IQSEC3,0.0
IQSEC1,0.0
IQCC,0.0
INTS12,0.0
INS-IGF2,0.0
INPP5D,0.0
ING1,0.0
INF2,0.0
INCA1,0.0
IL1RN,0.0
KCNB2,0.0
KCNG1,0.0
KCNH3,0.0
KCNIP4,0.0
KIAA1704,0.0
KIAA1609,0.0
KIAA1530,0.0
KIAA1524,0.0
KIAA1244,0.0
KIAA1026,0.0
KIAA0895,0.0
KIAA0892,0.0
KIAA0753,0.0
KIAA0652,0.0
KIAA0586,0.0
KIAA0513,0.0
KIAA0226,0.0
KIAA0182,0.0
KIAA0100,0.0
KHK,0.0
KDM6B,0.0
KDM2B,0.0
KDM1B,0.0
KDM1A,0.0
KCTD1,0.0
KCNV2,0.0
KCNS3,0.0
KCNQ1OT1,0.0
KCNQ1DN,0.0
KCNQ1,0.0
KCNMB3,0.0
KCNK10,0.0
KCNJ16,0.0
LOC401097,0.0
LOC401431,0.0
LOC404266,0.0
MEG8,0.0
MIR127,0.0
MIR1256,0.0
MIR1207,0.0
MIPEP,0.0
MID1,0.0
MICAL3,0.0
MGC16275,0.0
MGC16121,0.0
MGAT1,0.0
METTL13,0.0
METT5D1,0.0
MESTIT1,0.0
MEST,0.0
MEGF8,0.0
MEF2D,0.0
MBOAT7,0.0
MED8,0.0
MED29,0.0
MED24,0.0
MED20,0.0
MED10,0.0
MECOM,0.0
MDGA1,0.0
MDC1,0.0
MCM8,0.0
MCM7,0.0
MCM10,0.0
MCF2L2,0.0
MCC,0.0
MBTPS2,0.0
MIR1470,0.0
MIR191,0.0
MIR199A1,0.0
MIR2110,0.0
MRPL49,0.0
MRPL43,0.0
MRPL33,0.0
MRGPRG,0.0
MRGPRF,0.0
MRAS,0.0
MPV17L2,0.0
MPP5,0.0
MPHOSPH8,0.0
MOXD1,0.0
MOSPD1,0.0
MORG1,0.0
MON2,0.0
MOGS,0.0
MMP15,0.0
MLLT6,0.0
MLH1,0.0
MKX,0.0
MKNK1,0.0
MITF,0.0
MIR654,0.0
MIR548G,0.0
MIR503,0.0
MIR425,0.0
MIR376B,0.0
MIR376A1,0.0
MIR372,0.0
MIR34C,0.0
MIR33B,0.0
MBTD1,0.0
MBNL2,0.0
LOC440356,0.0
LPPR1,0.0
LSM5,0.0
LSG1,0.0
LRRC8D,0.0
LRRC56,0.0
LRRC4B,0.0
LRRC49,0.0
LRRC43,0.0
LRRC40,0.0
LRRC33,0.0
LRRC29,0.0
LRRC2,0.0
LRFN4,0.0
LRFN2,0.0
LRBA,0.0
LPP,0.0
MASTL,0.0
LONRF3,0.0
LOC84989,0.0
LOC729991-MEF2B,0.0
LOC729991,0.0
LOC728661,0.0
LOC728264,0.0
LOC654433,0.0
LOC648691,0.0
LOC645166,0.0
LOC642502,0.0
LOC641518,0.0
LOC441177,0.0
LOC440925,0.0
LOC440839,0.0
LSP1,0.0
LSS,0.0
LTA,0.0
LTBP4,0.0
MAS1L,0.0
MARK2,0.0
MARCH3,0.0
MARCH1,0.0
A2BP1,0.0
MAPK7,0.0
MAPK4,0.0
MAPK10,0.0
MAP6,0.0
MAP3K8,0.0
MAP3K13,0.0
MAP3K1,0.0
MAP2K3,0.0
MAP1LC3B,0.0
MANBA,0.0
MAGI2,0.0
MAGED2,0.0
MAFK,0.0
MAFG,0.0
MADD,0.0
MAD2L2,0.0
MACROD2,0.0
MACROD1,0.0
MACF1,0.0
MAB21L2,0.0
LZIC,0.0
LY6G5C,0.0
LY6D,0.0
LXN,0.0
IL1RAPL2,0.0
IKZF5,0.0
IKBIP,0.0
FLJ10038,0.0
FRYL,0.0
FRY,0.0
FRS2,0.0
FREM2,0.0
FRAT1,0.0
FOXP1,0.0
FOXO3,0.0
FOXB1,0.0
FNDC4,0.0
FNDC3B,0.0
FLRT2,0.0
FLJ45983,0.0
FLJ44606,0.0
FLJ30058,0.0
FLI1,0.0
FBXO7,0.0
FKBPL,0.0
FKBP6,0.0
FKBP3,0.0
FKBP2,0.0
FILIP1L,0.0
FILIP1,0.0
FIGNL2,0.0
FIG4,0.0
FHL1,0.0
FHIT,0.0
FGFRL1,0.0
FGF13,0.0
FGF12,0.0
FEM1A,0.0
FSTL5,0.0
FTO,0.0
FTSJ3,0.0
FUNDC2,0.0
GGT1,0.0
GFOD1,0.0
GFM2,0.0
GFM1,0.0
GFI1,0.0
GDF7,0.0
GDF2,0.0
GCOM1,0.0
GCNT2,0.0
GCKR,0.0
GBF1,0.0
GATA4,0.0
GATA3,0.0
GATA2,0.0
GAS5,0.0
GARS,0.0
GALR1,0.0
GALNT9,0.0
GALK2,0.0
GABRA5,0.0
GABRA3,0.0
GABPB1,0.0
GABBR1,0.0
GAB3,0.0
G6PC3,0.0
FYN,0.0
FYB,0.0
FXR2,0.0
FXC1,0.0
FDXACB1,0.0
FBXO42,0.0
GJD2,0.0
ESYT3,0.0
FAM122A,0.0
FAM118B,0.0
FAM115A,0.0
FAM110B,0.0
FAM104A,0.0
FAIM,0.0
FAH,0.0
EYA2,0.0
EXTL3,0.0
EXTL2,0.0
EXOC3L,0.0
EVX2,0.0
EVX1,0.0
ETV1,0.0
ESX1,0.0
FBXO38,0.0
ESRRG,0.0
ESR1,0.0
ESF1,0.0
ERRFI1,0.0
ERMAP,0.0
ERLIN2,0.0
ERICH1,0.0
ERH,0.0
EPPK1,0.0
EPN1,0.0
EPM2AIP1,0.0
EPHA10,0.0
EPB49,0.0
EPB41L3,0.0
FAM122C,0.0
FAM128B,0.0
FAM13B,0.0
FAM172A,0.0
FBXO31,0.0
FBXL8,0.0
FBXL13,0.0
FBRSL1,0.0
FBLIM1,0.0
FAU,0.0
FAT4,0.0
FAT1,0.0
FASTKD5,0.0
FAS,0.0
FARSB,0.0
FARP1,0.0
FANCM,0.0
FAM96A,0.0
FAM84A,0.0
FAM83D,0.0
FAM82B,0.0
FAM65B,0.0
FAM65A,0.0
FAM63B,0.0
FAM5B,0.0
FAM55C,0.0
FAM54B,0.0
FAM3C,0.0
FAM35A,0.0
FAM20B,0.0
FAM190A,0.0
FAM181A,0.0
FAM176A,0.0
GHSR,0.0
GLI1,0.0
IGSF11,0.0
HMCN1,0.0
HOXB5,0.0
HOXB4,0.0
HOXA5,0.0
HOXA4,0.0
HOXA3,0.0
HOXA1,0.0
HOPX,0.0
HNRPA1L-2,0.0
HNRNPH3,0.0
HNRNPF,0.0
HNRNPC,0.0
HNRNPA1,0.0
HMOX2,0.0
HMGXB4,0.0
HLTF,0.0
HERC3,0.0
HLA-E,0.0
HIVEP3,0.0
HIST3H2A,0.0
HIST2H2BE,0.0
HIST1H4J,0.0
HIST1H2BN,0.0
HIST1H2BJ,0.0
HIST1H2AK,0.0
HIST1H2AG,0.0
HIST1H2AB,0.0
HIST1H1E,0.0
HIST1H1C,0.0
HIPK1,0.0
HIGD1A,0.0
HOXC12,0.0
HOXC4,0.0
HOXC5,0.0
HOXC6,0.0
IGFBP3,0.0
IGF2R,0.0
IGF2AS,0.0
IGF2,0.0
IFT88,0.0
IFITM1,0.0
IFI27L1,0.0
IER3IP1,0.0
IDI2,0.0
ID2,0.0
ICAM3,0.0
HYOU1,0.0
HUWE1,0.0
HTR2A,0.0
HTR1E,0.0
HSPA2,0.0
HSPA1L,0.0
HSPA1B,0.0
HSPA1A,0.0
HSPA13,0.0
HSDL1,0.0
HSD11B2,0.0
HS3ST3A1,0.0
HRNR,0.0
HRNBP3,0.0
HRH2,0.0
HRH1,0.0
HRASLS,0.0
HPCAL1,0.0
HERC6,0.0
HECW1,0.0
GLOD4,0.0
GPBP1,0.0
GPSM3,0.0
GPR63,0.0
GPR6,0.0
GPR55,0.0
GPR20,0.0
GPR158,0.0
GPR137C,0.0
GPR137,0.0
GPR135,0.0
GPR132,0.0
GPR12,0.0
GPM6A,0.0
GPKOW,0.0
GPBP1L1,0.0
GOLSYN,0.0
HEATR4,0.0
GOLGA3,0.0
GNPDA1,0.0
GNMT,0.0
GNL3L,0.0
GNG5,0.0
GNG4,0.0
GNG2,0.0
GNB1,0.0
GNASAS,0.0
GNAS,0.0
GMPR2,0.0
GMEB1,0.0
GLUD1,0.0
GLT25D1,0.0
GRAMD3,0.0
GRAMD4,0.0
GRB10,0.0
GRM3,0.0
HEATR1,0.0
HDLBP,0.0
HDGFRP3,0.0
HDDC3,0.0
HDAC4,0.0
HCG27,0.0
HCCA2,0.0
HAUS5,0.0
HAS3,0.0
HARS2,0.0
HARS,0.0
HARBI1,0.0
HAP1,0.0
H2AFY,0.0
H2AFJ,0.0
H1FNT,0.0
H19,0.0
GULP1,0.0
GTPBP5,0.0
GTF2H4,0.0
GTDC1,0.0
GSTO2,0.0
GSTM5,0.0
GSTCD,0.0
GSK3B,0.0
GSDMD,0.0
GSDMB,0.0
GSDMA,0.0
GRN,0.0
ZZEF1,0.0
