feature,coef,abs_coef,direction
P10586,0.15589798103933702,0.15589798103933702,EC(1)
Q00266,0.12853408613754783,0.12853408613754783,EC(1)
Q8N130,0.12758691318585097,0.12758691318585097,EC(1)
Q14117,0.11846201530546517,0.11846201530546517,EC(1)
Q6IMI6,0.1171427728044552,0.1171427728044552,EC(1)
Q93070,0.11604985611018037,0.11604985611018037,EC(1)
Q9NP92,-0.11239734382003819,0.11239734382003819,nonEC(0)
Q8N0Y7,0.11011059947165903,0.11011059947165903,EC(1)
Q4G0X9,0.10875755026630106,0.10875755026630106,EC(1)
Q68DK2,0.10817917822605455,0.10817917822605455,EC(1)
Q6UY14,0.10654586814954237,0.10654586814954237,EC(1)
Q6PJG6,0.10210528371621141,0.10210528371621141,EC(1)
P00740,0.10174474057458491,0.10174474057458491,EC(1)
P02771,0.09849798922796066,0.09849798922796066,EC(1)
Q9UJY4,-0.089180347786972,0.089180347786972,nonEC(0)
O14957,-0.08869948698814008,0.08869948698814008,nonEC(0)
Q9H6K4,0.08486884650995556,0.08486884650995556,EC(1)
O00574,0.0833602096657688,0.0833602096657688,EC(1)
Q6ZQQ6,0.06655368174946116,0.06655368174946116,EC(1)
Q8N122,0.061969730938929685,0.061969730938929685,EC(1)
Q9P0M9,0.05486507098988243,0.05486507098988243,EC(1)
P35908,0.05421719034713212,0.05421719034713212,EC(1)
Q9Y4Y9,0.05263692546479048,0.05263692546479048,EC(1)
P00519,0.050654128703239355,0.050654128703239355,EC(1)
P04180,0.050609854524949295,0.050609854524949295,EC(1)
O75037,0.050506329825699164,0.050506329825699164,EC(1)
P61218,0.049096575358510114,0.049096575358510114,EC(1)
Q9UNK0,0.047104378286857575,0.047104378286857575,EC(1)
O75818,0.04700046420312125,0.04700046420312125,EC(1)
P12107,0.04636154052211582,0.04636154052211582,EC(1)
Q13835,0.04462816336704691,0.04462816336704691,EC(1)
P62306,0.044363706009899306,0.044363706009899306,EC(1)
P08493,0.043828732697574674,0.043828732697574674,EC(1)
P82970,0.04327093173855586,0.04327093173855586,EC(1)
Q8TAD4,0.04242928661763284,0.04242928661763284,EC(1)
Q12972,0.041667981750770924,0.041667981750770924,EC(1)
Q7Z2K8,0.04123433132116376,0.04123433132116376,EC(1)
P06727,0.04049303221208552,0.04049303221208552,EC(1)
Q8N5Y2,0.04002476245877877,0.04002476245877877,EC(1)
Q96PB8,0.03986803519900786,0.03986803519900786,EC(1)
Q9BXJ4,0.039808743265091,0.039808743265091,EC(1)
P33908,0.03612889670583446,0.03612889670583446,EC(1)
Q2M389,0.03557066562276736,0.03557066562276736,EC(1)
Q9NZL4,0.03492695693799004,0.03492695693799004,EC(1)
Q9NU22,0.03424364303009562,0.03424364303009562,EC(1)
Q6P2H3,0.0342092322508804,0.0342092322508804,EC(1)
Q9Y5U2,0.03385472351736381,0.03385472351736381,EC(1)
Q9NXR5,0.03271639497904035,0.03271639497904035,EC(1)
Q9H501,0.029059990588614443,0.029059990588614443,EC(1)
Q08554,0.028916402657682125,0.028916402657682125,EC(1)
Q15526,0.0288935942980824,0.0288935942980824,EC(1)
Q12841,0.02626583681934526,0.02626583681934526,EC(1)
Q9UID3,0.02597333941575871,0.02597333941575871,EC(1)
Q96LR5,0.0259496463792943,0.0259496463792943,EC(1)
Q9Y2L8,0.025853518180115886,0.025853518180115886,EC(1)
O15260,0.024671395506429647,0.024671395506429647,EC(1)
Q8NBQ5,0.024151823174248705,0.024151823174248705,EC(1)
Q99715,0.02281020405941241,0.02281020405941241,EC(1)
Q99653,0.0224049635196797,0.0224049635196797,EC(1)
Q5VYK3,0.02183197729914886,0.02183197729914886,EC(1)
P30837,0.02166853764843623,0.02166853764843623,EC(1)
P04264,0.021231008954846826,0.021231008954846826,EC(1)
Q12849,0.021161243441063158,0.021161243441063158,EC(1)
P08253,0.021019946889613228,0.021019946889613228,EC(1)
O00330,0.02081393930134087,0.02081393930134087,EC(1)
Q2TB10,0.020358005343730123,0.020358005343730123,EC(1)
Q9Y2Y9,0.020176672967386827,0.020176672967386827,EC(1)
P02751,0.019486620544831922,0.019486620544831922,EC(1)
Q6UWH6,0.019134855319317766,0.019134855319317766,EC(1)
Q9UNP9,0.01912312069911786,0.01912312069911786,EC(1)
Q8N8R7,0.01910709892696322,0.01910709892696322,EC(1)
P19388,0.019085582084580274,0.019085582084580274,EC(1)
O95866,0.019076771914664843,0.019076771914664843,EC(1)
Q9BTE6,0.01827897547411509,0.01827897547411509,EC(1)
Q92600,0.01797073648342277,0.01797073648342277,EC(1)
Q8NE01,0.017854600134988227,0.017854600134988227,EC(1)
Q9BUP0,0.017688878316881974,0.017688878316881974,EC(1)
P42345,0.017626029131734375,0.017626029131734375,EC(1)
Q9H147,0.01654060255369062,0.01654060255369062,EC(1)
Q12860,0.01642472694016927,0.01642472694016927,EC(1)
Q06828,0.01638613842239115,0.01638613842239115,EC(1)
P98160,0.01629679599296257,0.01629679599296257,EC(1)
Q96LW7,0.015480394536586315,0.015480394536586315,EC(1)
Q6ZNJ1,0.01538759698927317,0.01538759698927317,EC(1)
Q9Y5R8,0.015221860913567852,0.015221860913567852,EC(1)
O15269,0.014424659949972479,0.014424659949972479,EC(1)
P45985,0.013894210241348175,0.013894210241348175,EC(1)
Q9HCS7,0.013504649050377087,0.013504649050377087,EC(1)
P55039,0.013426854441181038,0.013426854441181038,EC(1)
Q9Y613,0.01335605475553037,0.01335605475553037,EC(1)
Q00341,0.013081361460386833,0.013081361460386833,EC(1)
P13591,0.013036761083426511,0.013036761083426511,EC(1)
P53701,0.012572119084322021,0.012572119084322021,EC(1)
Q15436,0.01253646960859851,0.01253646960859851,EC(1)
P10599,0.012465290165082087,0.012465290165082087,EC(1)
P04114,0.012317036337894723,0.012317036337894723,EC(1)
O15031,0.012235851098099352,0.012235851098099352,EC(1)
O75935,0.012211238201239915,0.012211238201239915,EC(1)
Q7Z353,0.012048958307004786,0.012048958307004786,EC(1)
Q9H9A6,0.011908252456469395,0.011908252456469395,EC(1)
Q96PE3,0.011867852195279334,0.011867852195279334,EC(1)
P50416,0.011782075393399065,0.011782075393399065,EC(1)
Q16772,0.011519427011965414,0.011519427011965414,EC(1)
Q9NZN3,0.011502603275781316,0.011502603275781316,EC(1)
Q9H9L3,0.011153687863529617,0.011153687863529617,EC(1)
P02686,0.01099435367158487,0.01099435367158487,EC(1)
Q92576,0.010919908911491444,0.010919908911491444,EC(1)
Q9BSC4,0.010795759501274104,0.010795759501274104,EC(1)
Q96P48,0.010759799476576667,0.010759799476576667,EC(1)
Q9UK61,0.010715521913027626,0.010715521913027626,EC(1)
P17301,0.010583242727050277,0.010583242727050277,EC(1)
Q13418,0.010570843504351413,0.010570843504351413,EC(1)
P56385,0.010515256369312415,0.010515256369312415,EC(1)
A2RRP1,0.010313840514805496,0.010313840514805496,EC(1)
P22307,0.010115721568810306,0.010115721568810306,EC(1)
Q8NBL1,0.00979505274059114,0.00979505274059114,EC(1)
Q96EK4,0.009748778403244016,0.009748778403244016,EC(1)
Q92979,0.009543319960406148,0.009543319960406148,EC(1)
P11717,0.009152341431409125,0.009152341431409125,EC(1)
P17931,0.008684864740829844,0.008684864740829844,EC(1)
P02671,0.008575592528407219,0.008575592528407219,EC(1)
P26927,0.008426982443082515,0.008426982443082515,EC(1)
Q9C0C9,0.008179773166173354,0.008179773166173354,EC(1)
P18085,0.008065894075467648,0.008065894075467648,EC(1)
O95425,0.008046902874799255,0.008046902874799255,EC(1)
Q15005,0.008037700285912757,0.008037700285912757,EC(1)
Q16698,0.007891313535252345,0.007891313535252345,EC(1)
P18206,0.007530770615850251,0.007530770615850251,EC(1)
P61964,0.007379979094099571,0.007379979094099571,EC(1)
P00488,0.007302489240424241,0.007302489240424241,EC(1)
Q05519,0.00689932061206485,0.00689932061206485,EC(1)
P12955,0.006794315771416623,0.006794315771416623,EC(1)
P51688,0.0067038900802802006,0.0067038900802802006,EC(1)
P98179,0.006473020182243019,0.006473020182243019,EC(1)
Q460N5,0.006430715608103793,0.006430715608103793,EC(1)
Q01469,0.006413289059002772,0.006413289059002772,EC(1)
P06702,0.0063957720468593915,0.0063957720468593915,EC(1)
O75064,0.00639006441672113,0.00639006441672113,EC(1)
Q8IY18,0.0062181065435705785,0.0062181065435705785,EC(1)
Q13464,0.00597658898857905,0.00597658898857905,EC(1)
Q8IWA0,0.005901296706886376,0.005901296706886376,EC(1)
Q14119,0.005834475388196791,0.005834475388196791,EC(1)
Q96AG3,0.005830126927224169,0.005830126927224169,EC(1)
Q15050,0.005796211838488696,0.005796211838488696,EC(1)
P02675,0.005737098984269285,0.005737098984269285,EC(1)
P50238,0.005719939037867087,0.005719939037867087,EC(1)
P49736,0.005556450963999972,0.005556450963999972,EC(1)
P54289,0.005467625740008604,0.005467625740008604,EC(1)
Q13201,0.005269242527625489,0.005269242527625489,EC(1)
Q01780,0.005155497898832,0.005155497898832,EC(1)
Q13740,0.0051462256649205925,0.0051462256649205925,EC(1)
P09486,0.005143148091568814,0.005143148091568814,EC(1)
O60306,0.005115626526429738,0.005115626526429738,EC(1)
P16615,0.005079530785951995,0.005079530785951995,EC(1)
P14770,0.005062309343751843,0.005062309343751843,EC(1)
B0I1T2,0.0048737226790952016,0.0048737226790952016,EC(1)
P05204,0.004818384284306866,0.004818384284306866,EC(1)
Q09666,0.0047460202876799225,0.0047460202876799225,EC(1)
Q15555,0.004407493449752715,0.004407493449752715,EC(1)
Q8N1F7,0.004338048221746502,0.004338048221746502,EC(1)
O76021,0.004307466073773708,0.004307466073773708,EC(1)
Q9BVI4,0.00420113823865138,0.00420113823865138,EC(1)
P21333,0.004119480032215054,0.004119480032215054,EC(1)
Q16555,0.00410782465223162,0.00410782465223162,EC(1)
Q9UJU6,0.003835934536497228,0.003835934536497228,EC(1)
Q49A26,0.0038304273338084114,0.0038304273338084114,EC(1)
Q9H2U1,0.0038165639004786606,0.0038165639004786606,EC(1)
O43707,0.003780563994057384,0.003780563994057384,EC(1)
P14550,0.0037790514116939557,0.0037790514116939557,EC(1)
Q96EY7,0.003776952744161155,0.003776952744161155,EC(1)
P42766,0.003776742845178058,0.003776742845178058,EC(1)
O60826,-0.003717882958145755,0.003717882958145755,nonEC(0)
Q7KZI7,0.003712150997316355,0.003712150997316355,EC(1)
Q15061,0.00357862873338223,0.00357862873338223,EC(1)
O75367,0.003544772777011364,0.003544772777011364,EC(1)
Q8IYJ3,0.0034895012019814917,0.0034895012019814917,EC(1)
Q9NRN7,-0.003418548528490838,0.003418548528490838,nonEC(0)
P63000,0.0033375240804250214,0.0033375240804250214,EC(1)
O76094,0.003336669859622968,0.003336669859622968,EC(1)
O94776,-0.00323879238424558,0.00323879238424558,nonEC(0)
P00492,-0.0032142970062561953,0.0032142970062561953,nonEC(0)
Q02218,0.0032031134157677952,0.0032031134157677952,EC(1)
O75410,-0.0031800333600960316,0.0031800333600960316,nonEC(0)
Q8WXH0,0.0031677558745495937,0.0031677558745495937,EC(1)
P46779,0.0030270066074516992,0.0030270066074516992,EC(1)
Q7L2H7,-0.002952068019847543,0.002952068019847543,nonEC(0)
Q9NUQ8,-0.002934422008293628,0.002934422008293628,nonEC(0)
P53396,0.002903538807288362,0.002903538807288362,EC(1)
Q9BWD1,0.0028873975677770124,0.0028873975677770124,EC(1)
Q9NTJ5,0.0028562066162763906,0.0028562066162763906,EC(1)
Q9H299,0.0028479340696418768,0.0028479340696418768,EC(1)
P42765,0.002837719495876278,0.002837719495876278,EC(1)
Q9Y490,0.0027769324866515855,0.0027769324866515855,EC(1)
Q9NY33,-0.002764485944869286,0.002764485944869286,nonEC(0)
P55072,0.002750411093298448,0.002750411093298448,EC(1)
P06396,0.002739134470938495,0.002739134470938495,EC(1)
Q96KG9,0.0027376289730331655,0.0027376289730331655,EC(1)
P24534,0.0026578792932540163,0.0026578792932540163,EC(1)
P48739,-0.0026459339372878546,0.0026459339372878546,nonEC(0)
P17174,0.0026367644081750296,0.0026367644081750296,EC(1)
Q9NYH9,0.002634201066873458,0.002634201066873458,EC(1)
Q14669,0.0024748792944221942,0.0024748792944221942,EC(1)
Q9Y2T2,-0.0024736002216643074,0.0024736002216643074,nonEC(0)
O00303,0.002457417021619363,0.002457417021619363,EC(1)
P46782,-0.0024000056646443775,0.0024000056646443775,nonEC(0)
P43304,0.002297087548183917,0.002297087548183917,EC(1)
Q9NXE4,0.002261371947258781,0.002261371947258781,EC(1)
Q14C86,0.0021730985440278384,0.0021730985440278384,EC(1)
Q12768,0.0021464112692242167,0.0021464112692242167,EC(1)
P04632,0.0021262923404901735,0.0021262923404901735,EC(1)
Q01813,0.00211245087607803,0.00211245087607803,EC(1)
Q9Y3Q8,-0.0020609337598826664,0.0020609337598826664,nonEC(0)
P11171,0.0020035118256364884,0.0020035118256364884,EC(1)
Q53EL6,-0.0019400690856107479,0.0019400690856107479,nonEC(0)
Q92614,0.0019343574338464204,0.0019343574338464204,EC(1)
Q9Y2K7,-0.0019234548141634114,0.0019234548141634114,nonEC(0)
Q9P2A4,-0.0019104462989809321,0.0019104462989809321,nonEC(0)
Q16539,-0.0018739747937473166,0.0018739747937473166,nonEC(0)
Q03518,-0.0018618237820005685,0.0018618237820005685,nonEC(0)
P68104,-0.0018614130615085892,0.0018614130615085892,nonEC(0)
Q9Y320,-0.0018363874767441239,0.0018363874767441239,nonEC(0)
Q684P5,0.0018021140453231737,0.0018021140453231737,EC(1)
O75915,0.0017853698870785297,0.0017853698870785297,EC(1)
P62942,0.0017797187682514369,0.0017797187682514369,EC(1)
O14929,0.0017626683295009873,0.0017626683295009873,EC(1)
Q9H4M9,-0.001751998461454492,0.001751998461454492,nonEC(0)
P36551,0.0017501859327260147,0.0017501859327260147,EC(1)
P07996,0.0017252644271585841,0.0017252644271585841,EC(1)
Q6NUK1,0.0016899322699741018,0.0016899322699741018,EC(1)
Q14839,0.0016337416490434472,0.0016337416490434472,EC(1)
Q6IBS0,-0.0016263007776262954,0.0016263007776262954,nonEC(0)
Q15477,-0.0016215511832530153,0.0016215511832530153,nonEC(0)
Q96FW1,0.0016111733106261485,0.0016111733106261485,EC(1)
P45880,-0.0016028610819397487,0.0016028610819397487,nonEC(0)
O00148,0.0015656203487498291,0.0015656203487498291,EC(1)
Q9UMY4,0.0015251839992338426,0.0015251839992338426,EC(1)
P32942,-0.0015231732309499415,0.0015231732309499415,nonEC(0)
Q8TCF1,-0.001514697876213229,0.001514697876213229,nonEC(0)
P36957,-0.0015101428650870898,0.0015101428650870898,nonEC(0)
Q9Y5K5,0.0014838651182303452,0.0014838651182303452,EC(1)
P43686,0.0014378280135805455,0.0014378280135805455,EC(1)
Q8TBX8,0.0014126515244210556,0.0014126515244210556,EC(1)
O14974,0.0014114130641287026,0.0014114130641287026,EC(1)
Q99460,0.001382846964067059,0.001382846964067059,EC(1)
Q9BZ29,0.0012998735385519801,0.0012998735385519801,EC(1)
Q9Y6M9,0.0012708321984962606,0.0012708321984962606,EC(1)
Q8TD19,0.0012669568933669163,0.0012669568933669163,EC(1)
P22392,-0.0012165734899496116,0.0012165734899496116,nonEC(0)
O00203,-0.0012037830262621807,0.0012037830262621807,nonEC(0)
Q7Z6Z7,0.0011846646326693039,0.0011846646326693039,EC(1)
P52907,-0.0011769777839865372,0.0011769777839865372,nonEC(0)
Q9HDC9,0.0011424588942161717,0.0011424588942161717,EC(1)
P31150,0.0010910467000896339,0.0010910467000896339,EC(1)
Q6ZVF9,-0.0010706163078061113,0.0010706163078061113,nonEC(0)
O15127,-0.000994283016599054,0.000994283016599054,nonEC(0)
O15067,-0.0009932547702914127,0.0009932547702914127,nonEC(0)
Q16401,0.0009584556309089316,0.0009584556309089316,EC(1)
Q9NQW7,-0.0009519573908480823,0.0009519573908480823,nonEC(0)
P46783,0.0008958180982390521,0.0008958180982390521,EC(1)
P36578,0.0008283689872299638,0.0008283689872299638,EC(1)
Q96CW5,0.0008263660272996797,0.0008263660272996797,EC(1)
Q4G0F5,0.00081782349674946,0.00081782349674946,EC(1)
P61163,0.00078535247759683,0.00078535247759683,EC(1)
P05166,0.0007444517291343547,0.0007444517291343547,EC(1)
P33316,0.0007341340462611942,0.0007341340462611942,EC(1)
Q9C0J8,-0.0006593984357006864,0.0006593984357006864,nonEC(0)
P53597,-0.0006429636747025102,0.0006429636747025102,nonEC(0)
P36507,-0.0006185400166555716,0.0006185400166555716,nonEC(0)
Q13177,0.0005752320773199962,0.0005752320773199962,EC(1)
Q9Y5S1,0.000557130560932863,0.000557130560932863,EC(1)
P46781,-0.0005095553709087631,0.0005095553709087631,nonEC(0)
O75592,0.0004687364272436323,0.0004687364272436323,EC(1)
Q13564,-0.0004593404796071238,0.0004593404796071238,nonEC(0)
P40763,0.00045188082071962447,0.00045188082071962447,EC(1)
P48444,-0.00043395406918364635,0.00043395406918364635,nonEC(0)
Q13098,-0.0004277418013816696,0.0004277418013816696,nonEC(0)
P42566,0.00041145214673451145,0.00041145214673451145,EC(1)
Q96JY6,0.00040976662625636496,0.00040976662625636496,EC(1)
P50502,0.0003248872297769764,0.0003248872297769764,EC(1)
O76003,-0.0003059396435830829,0.0003059396435830829,nonEC(0)
Q9BQG0,-0.0003022827209993137,0.0003022827209993137,nonEC(0)
P15153,-0.00028421091709709327,0.00028421091709709327,nonEC(0)
Q9Y678,-0.00027777959469349803,0.00027777959469349803,nonEC(0)
Q8NF50,0.0002732722528710615,0.0002732722528710615,EC(1)
P16333,-0.00026112491433755316,0.00026112491433755316,nonEC(0)
P30511,0.0002397582590589197,0.0002397582590589197,EC(1)
Q969V3,0.00022692619547337058,0.00022692619547337058,EC(1)
Q92747,0.00019873631673434622,0.00019873631673434622,EC(1)
P00338,0.00017727863578345578,0.00017727863578345578,EC(1)
P61962,0.00011388457130834628,0.00011388457130834628,EC(1)
Q7L2E3,-0.00010351647215839446,0.00010351647215839446,nonEC(0)
P16278,-9.988110267290027e-05,9.988110267290027e-05,nonEC(0)
P31949,9.015572237522544e-05,9.015572237522544e-05,EC(1)
P34896,-8.811014423023093e-05,8.811014423023093e-05,nonEC(0)
Q14203,8.402160337393233e-05,8.402160337393233e-05,EC(1)
P53634,-7.020232398676528e-05,7.020232398676528e-05,nonEC(0)
Q9H0C8,3.075592083829558e-05,3.075592083829558e-05,EC(1)
Q86UV5,-2.7005298459522033e-05,2.7005298459522033e-05,nonEC(0)
P21796,-2.54206492909123e-05,2.54206492909123e-05,nonEC(0)
P49750,2.4860743567647446e-05,2.4860743567647446e-05,EC(1)
