uniprot,gene
A0A1B0GTU1,ZC3H11B
B7ZLF3,LOC402624
M0QZD8,LOC400499
O00422,SAP18
O00445,SYT5
O00481,BTN3A1
O00483,NDUFA4
O00566,MPHOSPH10
O14653,GOSR2
O14879,IFIT3
O14896,IRF6
O14933,UBE2L6
O14949,UQCRQ
O15031,PLXNB2
O15040,TECPR2
O15155,BET1
O15335,CHAD
O15541,RNF113A
O60502,OGA
O60613,SELENOF
O60934,NBN
O75818,RPP40
O94842,TOX4
O94886,TMEM63A
O95163,ELP1
O95445,APOM
O95968,SCGB1D1
O96005,CLPTM1
P00352,ALDH1A1
P00742,F10
P00973,OAS1
P01023,A2M
P01266,TG
P01568,IFNA21
P01848,TRAC
P02452,COL1A1
P02458,COL2A1
P02655,APOC2
P02656,APOC3
P02751,FN1
P03951,F11
P04114,APOB
P04179,SOD2
P04180,LCAT
P04264,KRT1
P06727,APOA4
P06746,POLB
P07919,UQCRH
P08123,COL1A2
P08253,MMP2
P08493,MGP
P08603,CFH
P08F94,PKHD1
P09486,SPARC
P09693,CD3G
P09914,IFIT1
P0C7X5,ZNF806
P10412,H1-4
P10599,TXN
P11166,SLC2A1
P11717,IGF2R
P12109,COL6A1
P12235,SLC25A4
P13498,CYBA
P13591,NCAM1
P13984,GTF2F2
P16284,PECAM1
P17661,DES
P18065,IGFBP2
P20774,OGN
P20908,COL5A1
P23526,AHCY
P24593,IGFBP5
P25963,NFKBIA
P26927,MST1
P29083,GTF2E1
P30043,BLVRB
P30047,GCHFR
P30049,ATP5F1D
P30273,FCER1G
P30613,PKLR
P32754,HPD
P35226,BMI1
P35527,KRT9
P35670,ATP7B
P35749,MYH11
P35858,IGFALS
P39060,COL18A1
P45984,MAPK9
P46199,MTIF2
P49069,CAMLG
P49590,HARS2
P50336,PPOX
P50583,NUDT2
P51170,SCNN1G
P54274,TERF1
P54289,CACNA2D1
P55081,MFAP1
P55201,BRPF1
P55290,CDH13
P57076,CFAP298
P57678,GEMIN4
P61803,DAD1
P61956,SUMO2
P63165,SUMO1
P63313,TMSB10
P68036,UBE2L3
P78563,ADARB1
P82921,MRPS21
P98160,HSPG2
P98175,RBM10
Q01130,SRSF2
Q01844,EWSR1
Q02447,SP3
Q02487,DSC2
Q05D60,DEUP1
Q06033,ITIH3
Q06136,KDSR
Q06828,FMOD
Q07869,PPARA
Q08043,ACTN3
Q08495,DMTN
Q09028,RBBP4
Q10589,BST2
Q12800,TFCP2
Q12805,EFEMP1
Q12860,CNTN1
Q13009,TIAM1
Q13217,DNAJC3
Q13409,DYNC1I2
Q13418,ILK
Q13508,ART3
Q13620,CUL4B
Q13740,ALCAM
Q13822,ENPP2
Q14457,BECN1
Q14520,HABP2
Q14568,HSP90AA2P
Q14684,RRP1B
Q14789,GOLGB1
Q14C86,GAPVD1
Q15006,EMC2
Q15063,POSTN
Q15113,PCOLCE
Q15369,ELOC
Q15413,RYR3
Q15629,TRAM1
Q15836,VAMP3
Q16222,UAP1
Q16772,GSTA3
Q16853,AOC3
Q2PPJ7,RALGAPA2
Q49B96,COX19
Q562F6,SGO2
Q562R1,ACTBL2
Q58FF6,HSP90AB4P
Q5JS54,PSMG4
Q5JVF3,PCID2
Q5T160,RARS2
Q5T280,SPOUT1
Q5T447,HECTD3
Q5TZA2,CROCC
Q63HM1,AFMID
Q658Y4,FAM91A1
Q6DD87,ZNF787
Q6GMR7,FAAH2
Q6K0P9,PYHIN1
Q6P161,MRPL54
Q6P2H3,CEP85
Q6PJG2,MIDEAS
Q6SPF0,SAMD1
Q6UW68,TMEM205
Q6YHK3,CD109
Q6ZU80,CEP128
Q76LX8,ADAMTS13
Q7L576,CYFIP1
Q7Z2K8,GPRIN1
Q7Z353,HDX
Q7Z401,DENND4A
Q7Z406,MYH14
Q7Z591,AKNA
Q86VM9,ZC3H18
Q86VS8,HOOK3
Q86WR0,CCDC25
Q86XX4,FRAS1
Q8IUG5,MYO18B
Q8IUL8,CILP2
Q8IVB5,LIX1L
Q8IWU2,LMTK2
Q8IWZ8,SUGP1
Q8IZP0,ABI1
Q8N4C6,NIN
Q8N4H5,TOMM5
Q8N4P3,HDDC3
Q8N4Q0,ZADH2
Q8N5X7,EIF4E3
Q8N5Y2,MSL3
Q8N983,MRPL43
Q8NBJ4,GOLM1
Q8NBM8,PCYOX1L
Q8NBN3,TMEM87A
Q8NDX1,PSD4
Q8TDD1,DDX54
Q8WUA4,GTF3C2
Q8WUD1,RAB2B
Q8WUY1,THEM6
Q8WVJ2,NUDCD2
Q8WY22,BRI3BP
Q92600,CNOT9
Q92859,NEO1
Q92979,EMG1
Q969M7,UBE2F
Q969Q0,RPL36AL
Q96A23,CPNE4
Q96A49,SYAP1
Q96AY2,EME1
Q96BX8,MOB3A
Q96DB5,RMDN1
Q96DM3,RMC1
Q96DU3,SLAMF6
Q96EB1,ELP4
Q96EY1,DNAJA3
Q96FJ2,DYNLL2
Q96FK6,WDR89
Q96JG6,VPS50
Q96NC0,ZMAT2
Q96NG3,TTC25
Q96P48,ARAP1
Q96RN5,MED15
Q96SB3,PPP1R9B
Q99590,SCAF11
Q99633,PRPF18
Q99715,COL12A1
Q9BQC3,DPH2
Q9BQE3,TUBA1C
Q9BTA9,WAC
Q9BTD3,TMEM121
Q9BTD8,RBM42
Q9BV79,MECR
Q9BX97,PLVAP
Q9BXJ4,C1QTNF3
Q9BY44,EIF2A
Q9C0B5,ZDHHC5
Q9C0D4,ZNF518B
Q9GZT6,CCDC90B
Q9GZT9,EGLN1
Q9H0F6,SHARPIN
Q9H0P0,NT5C3A
Q9H2K0,MTIF3
Q9H488,POFUT1
Q9H4A6,GOLPH3
Q9H6K4,OPA3
Q9H936,SLC25A22
Q9H9A6,LRRC40
Q9H9L3,ISG20L2
Q9H9P8,L2HGDH
Q9HB58,SP110
Q9HBG7,LY9
Q9HCE1,MOV10
Q9NRC6,SPTBN5
Q9NRR8,CDC42SE1
Q9NRS6,SNX15
Q9NU22,MDN1
Q9NUY8,TBC1D23
Q9NV96,TMEM30A
Q9NVG8,TBC1D13
Q9NVJ2,ARL8B
Q9NX08,COMMD8
Q9NX14,NDUFB11
Q9NYJ1,COA4
Q9NZN3,EHD3
Q9NZN8,CNOT2
Q9NZW5,MPP6
Q9P031,CCDC59
Q9P0M6,H2AFY2
Q9P275,USP36
Q9P2L0,WDR35
Q9UBM7,DHCR7
Q9UBP4,DKK3
Q9UGM3,DMBT1
Q9UGP4,LIMD1
Q9UII2,ATP5IF1
Q9UK45,LSM7
Q9UK61,TASOR
Q9UKN7,MYO15A
Q9UL17,TBX21
Q9UNE7,STUB1
Q9UNP9,PPIE
Q9UNY5,ZNF232
Q9Y2K3,MYH15
Q9Y4Y9,LSM5
Q9Y5C1,ANGPTL3
Q9Y5R8,TRAPPC1
Q9Y5U2,TSSC4
Q9Y676,MRPS18B
Q9Y6A4,CFAP20
Q9Y6J9,TAF6L
Q9Y6Z7,COLEC10
